<?xml version="1.0" encoding="UTF-8"?>
<inboundEndpoint name="cdc" class="org.wso2.carbon.inbound.cdc.CDCPollingConsumer" sequence="cdc-inboundSequence" onError="cdc-inboundErrorSequence" suspend="false">
    <parameters xmlns="http://ws.apache.org/ns/synapse">
        <parameter name="interval">1000</parameter>
        <parameter name="sequential">true</parameter>
        <parameter name="coordination">true</parameter>
        <parameter name="snapshot.mode">initial</parameter>
        <parameter name="connector.class">io.debezium.connector.mysql.MySqlConnector</parameter>
        <parameter name="database.hostname">localhost</parameter>
        <parameter name="database.port">3306</parameter>
        <parameter name="database.user">root</parameter>
        <parameter name="database.password"></parameter>
        <parameter name="database.dbname">inventory</parameter>
        <parameter name="database.server.id">1</parameter>
        <parameter name="table.include.list">inventory.products</parameter>
        <parameter name="allowed.operations">update, create, delete</parameter>
    </parameters>
</inboundEndpoint>